{"Agra, Uttar Pradesh": [27.1752554, 78.0098161], "Aligarh, Uttar Pradesh": [27.8761073, 78.1358153], "Prayagraj, Uttar Pradesh": [25.4381302, 81.8338005], "Ambedkar Nagar, Uttar Pradesh": [26.4045941, 82.6065154], "Amethi, Uttar Pradesh": [26.346274, 81.6252039], "Amroha, Uttar Pradesh": [28.7952632, 78.3436244], "Auraiya, Uttar Pradesh": [26.6558215, 79.5160757], "Azamgarh, Uttar Pradesh": [26.023639, 83.0293105], "Budaun, Uttar Pradesh": [28.0367001, 79.1234], "Baghpat, Uttar Pradesh": [29.0374779, 77.3062737], "Bahraich, Uttar Pradesh": [27.7343823, 81.47654], "Ballia, Uttar Pradesh": [25.8749594, 84.1210329], "Balrampur, Uttar Pradesh": [27.4476988, 82.3956245], "Banda, Uttar Pradesh": [25.4438537, 80.5595237], "Bara Banki, Uttar Pradesh": [26.9013312, 81.2151601], "Bareilly, Uttar Pradesh": [28.4582344, 79.4047452], "Basti, Uttar Pradesh": [26.8387083, 82.5350919], "Bijnor, Uttar Pradesh": [29.4074203, 78.4821406], "Bulandshahr, Uttar Pradesh": [28.3874073, 77.9743805], "Chandauli, Uttar Pradesh": [25.125695, 83.2494601], "Chitrakoot, Uttar Pradesh": [25.2171389, 81.1045927], "Deoria, Uttar Pradesh": [26.4239911, 83.7638578], "Etah, Uttar Pradesh": [27.5550357, 78.5992221], "Etawah, Uttar Pradesh": [26.7155629, 79.0917098], "Ayodhya, Uttar Pradesh": [26.7990707, 82.2052321], "Fatehpur, Uttar Pradesh": [25.8348023, 80.9154547], "Firozabad, Uttar Pradesh": [27.1941954, 78.4604956], "Lucknow, Uttar Pradesh": [26.8381, 80.9346001], "Ghaziabad, Uttar Pradesh": [28.7749966, 77.4586967], "Ghazipur, Uttar Pradesh": [25.6034862, 83.5075888], "Gonda, Uttar Pradesh": [27.1103723, 81.9238906], "Gorakhpur, Uttar Pradesh": [26.6677977, 83.3642334], "Hamirpur, Uttar Pradesh": [25.75, 80.0], "Hapur, Uttar Pradesh": [28.7166767, 77.890433], "Hardoi, Uttar Pradesh": [27.3369978, 80.0998232], "Hathras, Uttar Pradesh": [27.5724324, 78.1116209], "Jalaun, Uttar Pradesh": [26.1048633, 79.3919136], "Jaunpur, Uttar Pradesh": [25.7967065, 82.4888992], "Jhansi, Uttar Pradesh": [25.529855, 78.6527802], "Kannauj, Uttar Pradesh": [26.9986675, 79.6927946], "Kanpur Dehat, Uttar Pradesh": [26.4585639, 79.8548052], "Kanpur Nagar, Uttar Pradesh": [26.4410107, 80.2652803], "Kasganj, Uttar Pradesh": [27.7888527, 78.8229701], "Kaushambi, Uttar Pradesh": [25.5342456, 81.4493567], "Kheri, Uttar Pradesh": [28.116667, 80.716667], "Kushinagar, Uttar Pradesh": [26.7438272, 83.9162322], "Lalitpur, Uttar Pradesh": [24.6999688, 78.51862], "Mahrajganj, Uttar Pradesh": [27.1837262, 83.4917301], "Mahoba, Uttar Pradesh": [25.3615938, 79.706011], "Mainpuri, Uttar Pradesh": [27.2093072, 79.0625369], "Mathura, Uttar Pradesh": [27.4955539, 77.6855554], "Mau, Uttar Pradesh": [26.0390904, 83.4985846], "Meerut, Uttar Pradesh": [29.0018557, 77.7679671], "Mirzapur, Uttar Pradesh": [24.9316896, 82.6280163], "Moradabad, Uttar Pradesh": [28.8796553, 78.8095335], "Muzaffarnagar, Uttar Pradesh": [29.4496978, 77.7429333], "Pilibhit, Uttar Pradesh": [28.4947158, 80.1076122], "Pratapgarh, Uttar Pradesh": [25.75, 81.75], "Rae Bareli, Uttar Pradesh": [26.25, 81.25], "Rampur, Uttar Pradesh": [28.7934728, 79.1845806], "Saharanpur, Uttar Pradesh": [29.9856799, 77.5040646], "Sambhal, Uttar Pradesh": [28.4271927, 78.5564546], "Sant Kabir Nagar, Uttar Pradesh": [26.755082, 83.0398545], "Shahjahanpur, Uttar Pradesh": [27.9128583, 79.7476254], "Shamli, Uttar Pradesh": [29.4811507, 77.2901344], "Shrawasti, Uttar Pradesh": [null, null], "Siddharthnagar, Uttar Pradesh": [27.2511723, 82.8716528], "Sitapur, Uttar Pradesh": [27.5026747, 80.8335139], "Sonbhadra, Uttar Pradesh": [24.4148159, 83.0637517], "Bhadohi, Uttar Pradesh": [25.424304, 82.4883923], "Sultanpur, Uttar Pradesh": [26.2604732, 82.2380532], "Unnao, Uttar Pradesh": [26.5673264, 80.6198193], "Varanasi, Uttar Pradesh": [25.3356491, 83.0076292], "Almora, Uttarakhand": [29.7026509, 79.4326318], "Bageshwar, Uttarakhand": [30.0087902, 79.9280183], "Chamoli, Uttarakhand": [30.4985956, 79.6190537], "Champawat, Uttarakhand": [29.235032, 80.1023068], "Dehradun, Uttarakhand": [30.3255646, 78.0436813], "Haridwar, Uttarakhand": [29.9384473, 78.1452985], "Nainital, Uttarakhand": [29.3905295, 79.460869], "Pauri Garhwal, Uttarakhand": [29.8473168, 78.7070479], "Pithoragarh, Uttarakhand": [29.585871, 80.215167], "Rudra Prayag, Uttarakhand": [null, null], "Tehri Garhwal, Uttarakhand": [30.4658181, 78.4837349], "Uttar Kashi, Uttarakhand": [null, null], "Central, Delhi": [28.6517178, 77.2219388], "North West, Delhi": [28.7037242, 77.1025419], "East, Delhi": [28.5863744, 77.2256775], "New Delhi, Delhi": [28.6430858, 77.2192671], "North, Delhi": [28.7118509, 77.1322807], "North East, Delhi": [55.0788839, -1.6742094], "South, Delhi": [28.5232645, 77.2083793], "South East, Delhi": [28.5556776, 77.2369473], "South West, Delhi": [28.5856255, 77.0704986], "West, Delhi": [50.0932583, 8.6000452], "Shahdara, Delhi": [28.6758661, 77.2985078]}